"Episode Number"|Timestep Number"|"State"|"Action"|"Reward"|"Next State"|"done"|"status"
"1"|"1"|"[(1,1),(2,1)]"|"DRIBBLE_RIGHT"|"-0.4"|"[(2,1),(2,1)]"|"False"|"0"
"1"|"2"|"[(2,1),(2,1)]"|"DRIBBLE_LEFT"|"0.0"|"[(1,1),(2,1)]"|"False"|"0"
"1"|"3"|"[(1,1),(2,1)]"|"DRIBBLE_RIGHT"|"0.0"|"[(0,1),(2,1)]"|"False"|"0"
"1"|"4"|"[(0,1),(2,1)]"|"DRIBBLE_RIGHT"|"0.0"|"OUT_OF_TIME"|"False"|"4"
"2"|"1"|"[(1,1),(2,1)]"|"DRIBBLE_RIGHT"|"0.0"|"[(0,1),(2,1)]"|"False"|"0"
"2"|"2"|"[(0,1),(2,1)]"|"DRIBBLE_LEFT"|"0.0"|"[(1,1),(2,1)]"|"False"|"0"
"2"|"3"|"[(1,1),(2,1)]"|"DRIBBLE_RIGHT"|"0.0"|"[(0,1),(2,1)]"|"False"|"0"
"2"|"4"|"[(0,1),(2,1)]"|"DRIBBLE_RIGHT"|"0.0"|"OUT_OF_TIME"|"False"|"4"